INSERT INTO state (id, name) VALUES
    (1, 'California'),
    (2, 'New York'),
    (3, 'Texas'),
    (4, 'Florida'),
    (5, 'Illinois'),
    (6, 'Ohio'),
    (7, 'Georgia'),
    (8, 'Michigan'),
    (9, 'Pennsylvania'),
    (10, 'Arizona');

 INSERT INTO city (id, state_id, name) VALUES
    (1, 1, 'Los Angeles'),
    (2, 1, 'San Francisco'),
    (3, 2, 'New York City'),
    (4, 2, 'Buffalo'),
    (5, 3, 'Houston'),
    (6, 3, 'Austin'),
    (7, 4, 'Miami'),
    (8, 4, 'Tampa'),
    (9, 5, 'Chicago'),
    (10, 5, 'Springfield'),
    (11, 1, 'San Diego'),
    (12, 1, 'Sacramento'),
    (13, 2, 'Rochester'),
    (14, 2, 'Albany'),
    (15, 3, 'Dallas'),
    (16, 3, 'San Antonio'),
    (17, 4, 'Orlando'),
    (18, 4, 'Jacksonville'),
    (19, 5, 'Peoria'),
    (20, 5, 'Naperville'),
    (21, 6, 'Columbus'), 
    (22, 6, 'Cleveland'),
    (23, 7, 'Atlanta'), 
    (24, 7, 'Savannah'), 
    (25, 8, 'Detroit'), 
    (26, 8, 'Ann Arbor'),
    (27, 9, 'Philadelphia'),
    (28, 9, 'Pittsburgh'), 
    (29, 10, 'Phoenix'),  
    (30, 10, 'Tucson'); 


INSERT INTO address (id, user_id, complement, number, cep, city_id) VALUES
    (1, 101, 'Apt 302', 123, '12345-678', 1),
    (2, 102, 'No complement', 456, '98765-432', 3),
    (3, 103, 'House 5', 789, '54321-876', 5),
    (4, 104, 'Unit B', 321, '23456-789', 7),
    (5, 105, 'Default complement', 654, '87654-321', 9),
    (6, 106, 'Suite 10', 987, '34567-890', 2),
    (7, 107, 'No complement', 1234, '56789-012', 4),
    (8, 108, 'Apt 501', 5678, '89012-345', 6),
    (9, 109, 'Unit C', 9012, '67890-123', 8),
    (10, 110, 'Default complement', 3456, '45678-901', 10),
    (11, 201, 'Apt 501', 123, '12345-678', 11),
    (12, 202, 'No complement', 456, '98765-432', 13),
    (13, 203, 'House 10', 789, '54321-876', 15),
    (14, 204, 'Unit D', 321, '23456-789', 17),
    (15, 205, 'Default complement', 654, '87654-321', 19),
    (16, 206, 'Suite 5', 987, '34567-890', 12),
    (17, 207, 'No complement', 1234, '56789-012', 14),
    (18, 208, 'Apt 702', 5678, '89012-345', 16),
    (19, 209, 'Unit E', 9012, '67890-123', 18);